{
    "СТ": {
        "ИМИП-МРАЛ1-Р-Г0200-СТ06-001-01-КЖ2": {
            "конструкции": "Конструкции железобетонные. Бетонная подготовка, гидроизоляция, лоток в осях 3-10."
        },
        "ИМИП-МРАЛ1-Р-Г0200-СТ06-001-01-КЖ3": {
            "конструкции": "Конструкции железобетонные. Наружные стены на отм. -2,200 в осях 3-10."
        },
        "ИМИП-МРАЛ1-Р-Г0200-СТ06-001-01-КЖ4": {
            "конструкции": "Конструкции железобетонные. Внутренние стены на отм. -2,200 в осях 3-10."
        },
        "ИМИП-МРАЛ1-Р-Г0200-СТ06-001-01-КЖ5": {
            "конструкции": "Конструкции железобетонные. Плита перекрытия на отм. +1,100 в осях 3-10."
        },
        "ИМИП-МРАЛ1-Р-Г0200-СТ06-001-01-КЖ6": {
            "конструкции": "Конструкции железобетонные. Наружные стены на отм. +1,100 в осях 3-10."
        },
        "ИМИП-МРАЛ1-Р-Г0200-СТ06-001-01-КЖ7": {
            "конструкции": "Конструкции железобетонные. Плита перекрытия на отм. +8,300 в осях 3-10."
        },
        "ИМИП-МРАЛ1-Р-Г0200-СТ06-001-01-КЖ8": {
            "конструкции": "Конструкции железобетонные. Наружные стены на отм. +8,300 в осях 3-10."
        },
        "ИМИП-МРАЛ1-Р-Г0200-СТ06-001-01-КЖ9": {
            "конструкции": "Конструкции железобетонные. Внутренние стены на отм. +8,300 в осях 3-10."
        },
        "ИМИП-МРАЛ1-Р-Г0200-СТ06-001-01-КЖ10": {
            "конструкции": "Конструкции железобетонные. Плита перекрытия на отм. +11,750 в осях 3-10."
        },
        "ИМИП-МРАЛ1-Р-Г0200-СТ06-001-01-КЖ11": {
            "конструкции": "Конструкции железобетонные. Плита перекрытия на отм. 146,143 в осях 3-10."
        },
        "ИМИП-МРАЛ1-Р-Г0200-СТ06-001-01-КЖ12": {
            "конструкции": "Конструкции железобетонные. Наружные стены на отм. 146,143 в осях 3-10."
        },
        "ИМИП-МРАЛ1-Р-Г0200-СТ06-001-01-КЖ13": {
            "конструкции": "Конструкции железобетонные. Внутренние стены на отм. 146,443 в осях 3-10."
        },
        "ИМИП-МРАЛ1-Р-Г0200-СТ06-001-01-КЖ14": {
            "конструкции": "Конструкции железобетонные. Плита покрытия на отм. 152,343 в осях 3-10."
        },
        "ИМИП-МРАЛ1-Р-Г0200-СТ06-001-01-КЖ15": {
            "конструкции": "Конструкции железобетонные. Бетонная подготовка, гидроизоляция в осях 1-3."
        },
        "ИМИП-МРАЛ1-Р-Г0200-СТ06-001-01-КЖ16": {
            "конструкции": "Конструкции железобетонные. Лоток в осях 1-3."
        },
        "ИМИП-МРАЛ1-Р-Г0200-СТ06-001-01-КЖ17": {
            "конструкции": "Конструкции железобетонные. Наружные стены на отм. -2,200 в осях 1/4-3."
        },
        "ИМИП-МРАЛ1-Р-Г0200-СТ06-001-01-КЖ18": {
            "конструкции": "Конструкции железобетонные. Внутренние вертикальные конструкции на отм.-2,200 в осях 1/4-3."
        },
        "ИМИП-МРАЛ1-Р-Г0200-СТ06-001-01-КЖ19": {
            "конструкции": "Конструкции железобетонные. Плита перекрытия на отм.+1,100 в осях 1/4-3."
        },
        "ИМИП-МРАЛ1-Р-Г0200-СТ06-001-01-КЖ20": {
            "конструкции": "Конструкции железобетонные. Наружные стены на отм.+1,100 в осях 1/4-3."
        },
        "ИМИП-МРАЛ1-Р-Г0200-СТ06-001-01-КЖ21": {
            "конструкции": "Конструкции железобетонные. Внутренние вертикальные конструкции на отм.+1,100 в осях 1/4-3."
        },
        "ИМИП-МРАЛ1-Р-Г0200-СТ06-001-01-КЖ22": {
            "конструкции": "Конструкции железобетонные. Плита перекрытия на отм.+5,000 в осях 1/4-3."
        },
        "ИМИП-МРАЛ1-Р-Г0200-СТ06-001-01-КЖ23": {
            "конструкции": "Конструкции железобетонные. Наружные стены на отм. +5,000 в осях 1/4-3."
        },
        "ИМИП-МРАЛ1-Р-Г0200-СТ06-001-01-КЖ24": {
            "конструкции": "Конструкции железобетонные. Внутренние вертикальные конструкции на отм.+5,000 в осях 1/4-3."
        },
        "ИМИП-МРАЛ1-Р-Г0200-СТ06-001-01-КЖ25": {
            "конструкции": "Конструкции железобетонные. Плита перекрытия на отм.+8,300 в осях 1/4-3."
        },
        "ИМИП-МРАЛ1-Р-Г0200-СТ06-001-01-КЖ26": {
            "конструкции": "Конструкции железобетонные. Наружные стены на отм.+8,300 в осях 1/4-3."
        },
        "ИМИП-МРАЛ1-Р-Г0200-СТ06-001-01-КЖ27": {
            "конструкции": "Конструкции железобетонные. Внутренние вертикальные конструкции на отм.+8,300 в осях 1/4-3."
        },
        "ИМИП-МРАЛ1-Р-Г0200-СТ06-001-01-КЖ28": {
            "конструкции": "Конструкции железобетонные. Плита перекрытия на отм.+12,050 в осях 1/4-3."
        },
        "ИМИП-МРАЛ1-Р-Г0200-СТ06-001-01-КЖ29": {
            "конструкции": "Конструкции железобетонные. Наружные стены на отм.+12,050 в осях 1/4-3."
        },
        "ИМИП-МРАЛ1-Р-Г0200-СТ06-001-01-КЖ30": {
            "конструкции": "Конструкции железобетонные. Внутренние вертикальные конструкции на отм.+12,050 в осях 1/4-3."
        },
        "ИМИП-МРАЛ1-Р-Г0200-СТ06-001-01-КЖ31": {
            "конструкции": "Конструкции железобетонные. Плита перекрытия на отм. 146,443 в осях 1/4-3."
        },
        "ИМИП-МРАЛ1-Р-Г0200-СТ06-001-01-КЖ32": {
            "конструкции": "Конструкции железобетонные. Наружные стены на отм. 146,443 в осях 1/4-3."
        },
        "ИМИП-МРАЛ1-Р-Г0200-СТ06-001-01-КЖ33": {
            "конструкции": "Конструкции железобетонные. Внутренние вертикальные конструкции на отм. 146,443 в осях 1/4-3."
        },
        "ИМИП-МРАЛ1-Р-Г0200-СТ06-001-01-КЖ34": {
            "конструкции": "Конструкции железобетонные. Плита покрытия на отм. 152,343 в осях 1/4-3."
        },
        "ИМИП-МРАЛ1-Р-Г0200-СТ06-001-01-КЖ35": {
            "конструкции": "Конструкции железобетонные. Наружные стены на отм. -2,200; +1,100 в осях 1-1/4."
        },
        "ИМИП-МРАЛ1-Р-Г0200-СТ06-001-01-КЖ36": {
            "конструкции": "Конструкции железобетонные. Внутренние вертикальные конструкции на отм. -2,200; +1,100 в осях 1-1/4."
        },
        "ИМИП-МРАЛ1-Р-Г0200-СТ06-001-01-КЖ37": {
            "конструкции": "Конструкции железобетонные. Плита перекрытия на отм. +5,000 в осях 1-1/4."
        },
        "ИМИП-МРАЛ1-Р-Г0200-СТ06-001-01-КЖ38": {
            "конструкции": "Конструкции железобетонные. Наружные стены на отм. +5,000 в осях 1-1/4."
        },
        "ИМИП-МРАЛ1-Р-Г0200-СТ06-001-01-КЖ39": {
            "конструкции": "Конструкции железобетонные. Внутренние вертикальные конструкции на отм. +5,000 в осях 1-1/4."
        },
        "ИМИП-МРАЛ1-Р-Г0200-СТ06-001-01-КЖ40": {
            "конструкции": "Конструкции железобетонные. Плита покрытия на отм. +8,350 в осях 1-1/4."
        },
        "ИМИП-МРАЛ1-Р-Г0200-СТ06-001-01-КЖ41": {
            "конструкции": "Конструкции железобетонные. ВОУ. Внутренние конструкции в осях 1-3."
        },
        "ИМИП-МРАЛ1-Р-Г0200-СТ06-001-01-КЖ42": {
            "конструкции": "Конструкции железобетонные. Внутренние конструкции в осях 1-3."
        },
        "ИМИП-МРАЛ1-Р-Г0200-СТ06-001-01-КЖ43": {
            "конструкции": "Конструкции железобетонные. Лестницы монолитные в осях 1-3."
        },
        "ИМИП-МРАЛ1-Р-Г0200-СТ06-001-01-КЖ44": {
            "конструкции": "Конструкции железобетонные. Эвакуационные выходы в осях 1-3."
        },
        "ИМИП-МРАЛ1-Р-Г0200-СТ06-000-00-ОС7": {
            "конструкции": "Организация строительства. Технология возведения основных конструкций. Обратная засыпка."
        }
    },
    "ТП": {
        "ИМИП-МРАЛ1-Р-Г0200-ТП02-000-00-КЖ4": {
            "конструкции": "Конструкции железобетонные. Блок 1. Лотковая плита."
        },
        "ИМИП-МРАЛ1-Р-Г0200-ТП02-000-00-КЖ5": {
            "конструкции": "Конструкции железобетонные. Блок 1. Стены."
        },
        "ИМИП-МРАЛ1-Р-Г0200-ТП02-000-00-КЖ6": {
            "конструкции": "Конструкции железобетонные. Блок 1. Покрытие."
        },
        "ИМИП-МРАЛ1-Р-Г0200-ТП02-000-00-КЖ7": {
            "конструкции": "Конструкции железобетонные. Блок 2. Лотковая плита."
        },
        "ИМИП-МРАЛ1-Р-Г0200-ТП02-000-00-КЖ8": {
            "конструкции": "Конструкции железобетонные. Блок 2. Стены."
        },
        "ИМИП-МРАЛ1-Р-Г0200-ТП02-000-00-КЖ9": {
            "конструкции": "Конструкции железобетонные. Блок 2. Покрытие."
        },
        "ИМИП-МРАЛ1-Р-Г0200-ТП02-000-00-КЖ10": {
            "конструкции": "Конструкции железобетонные. Блок 2. Вентканал. Стены. Покрытие."
        },
        "ИМИП-МРАЛ1-Р-Г0200-ТП02-000-00-КЖ11": {
            "конструкции": "Конструкции железобетонные. Блок 3. Лотковая плита."
        },
        "ИМИП-МРАЛ1-Р-Г0200-ТП02-000-00-КЖ12": {
            "конструкции": "Конструкции железобетонные. Блок 3. Стены."
        },
        "ИМИП-МРАЛ1-Р-Г0200-ТП02-000-00-КЖ13": {
            "конструкции": "Конструкции железобетонные. Блок 3. Покрытие."
        },
        "ИМИП-МРАЛ1-Р-Г0200-ТП02-000-00-КЖ14": {
            "конструкции": ""
        },
        "ИМИП-МРАЛ1-Р-Г0200-ТП02-000-00-КЖ15": {
            "конструкции": "Конструкции железобетонные. Блок 4. Лотковая плита."
        },
        "ИМИП-МРАЛ1-Р-Г0200-ТП02-000-00-КЖ16": {
            "конструкции": "Конструкции железобетонные. Блок 4. Стены."
        },
        "ИМИП-МРАЛ1-Р-Г0200-ТП02-000-00-КЖ17": {
            "конструкции": "Конструкции железобетонные. Блок 4. Покрытие."
        },
        "ИМИП-МРАЛ1-Р-Г0200-ТП02-000-00-КЖ18": {
            "конструкции": ""
        },
        "ИМИП-МРАЛ1-Р-Г0200-ТП02-000-00-КЖ19": {
            "конструкции": "Конструкции железобетонные. Блок 5. Лотковая плита."
        },
        "ИМИП-МРАЛ1-Р-Г0200-ТП02-000-00-КЖ20": {
            "конструкции": ""
        },
        "ИМИП-МРАЛ1-Р-Г0200-ТП02-000-00-КЖ21": {
            "конструкции": ""
        },
        "ИМИП-МРАЛ1-Р-Г0200-ТП02-000-00-КЖ22": {
            "конструкции": ""
        },
        "ИМИП-МРАЛ1-Р-Г0200-ТП02-000-00-КЖ23": {
            "конструкции": ""
        },
        "ИМИП-МРАЛ1-Р-Г0200-ТП02-000-00-КЖ24": {
            "конструкции": ""
        },
        "ИМИП-МРАЛ1-Р-Г0200-ТП02-000-00-КЖ25": {
            "конструкции": ""
        },
        "ИМИП-МРАЛ1-Р-Г0200-ТП02-000-00-КЖ26": {
            "конструкции": ""
        },
        "ИМИП-МРАЛ1-Р-Г0200-ТП02-000-00-КЖ27": {
            "конструкции": "Конструкции железобетонные. Блок 7Л. Лотковая плита."
        },
        "ИМИП-МРАЛ1-Р-Г0200-ТП02-000-00-КЖ28": {
            "конструкции": "Конструкции железобетонные. Блок 7Л. Стены."
        },
        "ИМИП-МРАЛ1-Р-Г0200-ТП02-000-00-КЖ29": {
            "конструкции": "Конструкции железобетонные. Блок 7Л. Покрытие."
        },
        "ИМИП-МРАЛ1-Р-Г0200-ТП02-000-00-КЖ30": {
            "конструкции": "Конструкции железобетонные. Блок 7Л. Вентканал. Стены. Покрытие."
        },
        "ИМИП-МРАЛ1-Р-Г0200-ТП02-000-00-КЖ31": {
            "конструкции": "Конструкции железобетонные. Блок 7П. Лотковая плита."
        },
        "ИМИП-МРАЛ1-Р-Г0200-ТП02-000-00-КЖ32": {
            "конструкции": "Конструкции железобетонные. Блок 7П. Стены."
        },
        "ИМИП-МРАЛ1-Р-Г0200-ТП02-000-00-КЖ33": {
            "конструкции": "Конструкции железобетонные. Блок 7П. Покрытие."
        },
        "ИМИП-МРАЛ1-Р-Г0200-ТП02-000-00-КЖ34": {
            "конструкции": ""
        },
        "ИМИП-МРАЛ1-Р-Г0200-ТП02-000-00-КЖ35": {
            "конструкции": "Конструкции железобетонные. Блок 8Л. Лотковая плита."
        },
        "ИМИП-МРАЛ1-Р-Г0200-ТП02-000-00-КЖ36": {
            "конструкции": "Конструкции железобетонные. Блок 8Л. Стены."
        },
        "ИМИП-МРАЛ1-Р-Г0200-ТП02-000-00-КЖ37": {
            "конструкции": "Конструкции железобетонные. Блок 8Л. Покрытие."
        },
        "ИМИП-МРАЛ1-Р-Г0200-ТП02-000-00-КЖ38": {
            "конструкции": "Конструкции железобетонные. Блок 8Л. Вентканал. Стены. Покрытие."
        },
        "ИМИП-МРАЛ1-Р-Г0200-ТП02-000-00-КЖ39": {
            "конструкции": "Конструкции железобетонные. Блок 8П. Лотковая плита."
        },
        "ИМИП-МРАЛ1-Р-Г0200-ТП02-000-00-КЖ40": {
            "конструкции": "Конструкции железобетонные. Блок 8П. Стены."
        },
        "ИМИП-МРАЛ1-Р-Г0200-ТП02-000-00-КЖ41": {
            "конструкции": "Конструкции железобетонные. Блок 8П. Покрытие."
        },
        "ИМИП-МРАЛ1-Р-Г0200-ТП02-000-00-КЖ42": {
            "конструкции": "Конструкции железобетонные. Блок 9Л. Лотковая плита."
        },
        "ИМИП-МРАЛ1-Р-Г0200-ТП02-000-00-КЖ43": {
            "конструкции": "Конструкции железобетонные. Блок 9Л. Стены."
        },
        "ИМИП-МРАЛ1-Р-Г0200-ТП02-000-00-КЖ44": {
            "конструкции": "Конструкции железобетонные. Блок 9Л. Покрытие."
        },
        "ИМИП-МРАЛ1-Р-Г0200-ТП02-000-00-КЖ45": {
            "конструкции": "Конструкции железобетонные. Блок 9Л. Вентканал. Стены. Покрытие."
        },
        "ИМИП-МРАЛ1-Р-Г0200-ТП02-000-00-КЖ46": {
            "конструкции": "Конструкции железобетонные. Блок 9П. Лотковая плита."
        },
        "ИМИП-МРАЛ1-Р-Г0200-ТП02-000-00-КЖ47": {
            "конструкции": "Конструкции железобетонные. Блок 9П. Стены."
        },
        "ИМИП-МРАЛ1-Р-Г0200-ТП02-000-00-КЖ48": {
            "конструкции": "Конструкции железобетонные. Блок 9П. Покрытие."
        },
        "ИМИП-МРАЛ1-Р-Г0200-ТП02-000-00-КЖ49": {
            "конструкции": "Конструкции железобетонные. Блок 10П. Лотковая плита."
        },
        "ИМИП-МРАЛ1-Р-Г0200-ТП02-000-00-КЖ50": {
            "конструкции": "Конструкции железобетонные. Блок 10П. Стены."
        },
        "ИМИП-МРАЛ1-Р-Г0200-ТП02-000-00-КЖ51": {
            "конструкции": "Конструкции железобетонные. Блок 10П. Покрытие."
        },
        "ИМИП-МРАЛ1-Р-Г0200-ТП02-000-00-КЖ52": {
            "конструкции": "Конструкции железобетонные. Блок 10П. Вентканал. Стены. Покрытие."
        },
        "ИМИП-МРАЛ1-Р-Г0200-ТП02-000-00-КЖ53": {
            "конструкции": "Конструкции железобетонные. Блок 11П. Лотковая плита."
        },
        "ИМИП-МРАЛ1-Р-Г0200-ТП02-000-00-КЖ54": {
            "конструкции": "Конструкции железобетонные. Блок 11П. Стены."
        },
        "ИМИП-МРАЛ1-Р-Г0200-ТП02-000-00-КЖ55": {
            "конструкции": "Конструкции железобетонные. Блок 11П. Покрытие."
        },
        "ИМИП-МРАЛ1-Р-Г0200-ТП02-000-00-КЖ56": {
            "конструкции": "Конструкции железобетонные. Блок 11П. Вентканал. ПТО. Покрытие."
        },
        "ИМИП-МРАЛ1-Р-Г0200-ТП02-000-00-КЖ57": {
            "конструкции": "Конструкции железобетонные. Блок 12П. Лотковая плита."
        },
        "ИМИП-МРАЛ1-Р-Г0200-ТП02-000-00-КЖ58": {
            "конструкции": "Конструкции железобетонные. Блок 12П. Стены."
        },
        "ИМИП-МРАЛ1-Р-Г0200-ТП02-000-00-КЖ59": {
            "конструкции": "Конструкции железобетонные. Блок 12П. Покрытие."
        },
        "ИМИП-МРАЛ1-Р-Г0200-ТП02-000-00-КЖ60": {
            "конструкции": "Конструкции железобетонные. Блок 13. Лотковая плита."
        },
        "ИМИП-МРАЛ1-Р-Г0200-ТП02-000-00-КЖ61": {
            "конструкции": "Конструкции железобетонные. Блок 13. Стены."
        },
        "ИМИП-МРАЛ1-Р-Г0200-ТП02-000-00-КЖ62": {
            "конструкции": "Конструкции железобетонные. Блок 13. Покрытие."
        },
        "ИМИП-МРАЛ1-Р-Г0200-ТП02-000-00-КЖ63": {
            "конструкции": "Конструкции железобетонные. Блок 13. Вентканал. Стены. Покрытие."
        },
        "ИМИП-МРАЛ1-Р-Г0200-ТП02-000-00-КЖ64": {
            "конструкции": "Конструкции железобетонные. Внутренние конструкции."
        },
        "ИМИП-МРАЛ1-Р-Г0200-ТП02-000-00-КЖ65": {
            "конструкции": "Конструкции железобетонные. Зумпф."
        }
    }
}